date,open,close,high,low,volume,uOpen,uClose,uHigh,uLow,uVolume,change,changePercent,label,changeOverTime
6/13/2019,126.03,126.6,126.77,125.96,5374818,126.03,126.6,126.77,125.96,5374818,0,0,13-Jun-19,0
6/14/2019,127.21,126.56,127.63,126.26,9226446,127.21,126.56,127.63,126.26,9226446,-0.04,-0.0316,14-Jun-19,-0.000316
6/17/2019,126.7,126.48,126.77,126.17,4763345,126.7,126.48,126.77,126.17,4763345,-0.08,-0.0632,17-Jun-19,-0.000948
6/18/2019,127.58,127.12,127.75,126.39,10309646,127.58,127.12,127.75,126.39,10309646,0.64,0.506,18-Jun-19,0.004107
6/19/2019,126.77,127.89,127.99,126.7,11660649,126.77,127.89,127.99,126.7,11660649,0.77,0.6057,19-Jun-19,0.01019
6/20/2019,130.41,131.11,131.49,130.19,18636339,130.41,131.11,131.49,130.19,18636339,3.22,2.5178,20-Jun-19,0.035624
6/21/2019,131.77,131.98,132.17,131.07,15068037,131.77,131.98,132.17,131.07,15068037,0.87,0.6636,21-Jun-19,0.042496
6/24/2019,132.77,133.94,134.03,132.58,17851801,132.77,133.94,134.04,132.58,17851801,1.96,1.4851,24-Jun-19,0.057978
6/25/2019,134.9,134.2,135.55,133.21,24772241,134.9,134.2,135.55,133.21,24772241,0.26,0.1941,25-Jun-19,0.060032
6/26/2019,132.99,132.97,133.55,132.41,12016402,132.99,132.97,133.55,132.41,12016402,-1.23,-0.9165,26-Jun-19,0.050316
6/27/2019,132.38,132.84,132.97,132.26,8412764,132.38,132.84,132.97,132.26,8412764,-0.13,-0.0978,27-Jun-19,0.049289
6/28/2019,133.05,133.2,133.34,132.61,8076966,133.05,133.2,133.34,132.61,8076966,0.36,0.271,28-Jun-19,0.052133
7/1/2019,131.56,130.62,131.75,130.55,13369815,131.56,130.62,131.76,130.55,13369815,-2.58,-1.9369,1-Jul-19,0.031754
7/2/2019,131.27,133.41,133.63,131.16,13282139,131.27,133.41,133.63,131.16,13282139,2.79,2.136,2-Jul-19,0.053791
7/3/2019,133.61,133.63,134.1,133.23,6351547,133.61,133.63,134.1,133.23,6351547,0.22,0.1649,3-Jul-19,0.055529
7/5/2019,131.46,132.14,132.32,130.81,11536581,131.46,132.14,132.32,130.81,11536581,-1.49,-1.115,5-Jul-19,0.04376
7/8/2019,132.18,131.29,132.34,131.28,8028884,132.18,131.29,132.34,131.28,8028884,-0.85,-0.6433,8-Jul-19,0.037046
7/9/2019,131.43,131.75,132.1,131.16,6633439,131.43,131.75,132.1,131.16,6633439,0.46,0.3504,9-Jul-19,0.040679
7/10/2019,132.94,133.83,133.87,132.35,13920593,132.94,133.83,133.87,132.35,13920593,2.08,1.5787,10-Jul-19,0.057109
7/11/2019,133.58,132.7,133.7,132.41,7535133,133.58,132.7,133.7,132.41,7535133,-1.13,-0.8444,11-Jul-19,0.048183
7/12/2019,132.89,133.53,133.69,132.53,6309451,132.89,133.53,133.69,132.53,6309451,0.83,0.6255,12-Jul-19,0.054739
7/15/2019,133.18,133.53,133.53,132.81,4026583,133.18,133.53,133.53,132.81,4026583,0,0,15-Jul-19,0.054739
7/16/2019,133.18,132.4,133.3,132.13,7965981,133.18,132.4,133.3,132.13,7965981,-1.13,-0.8463,16-Jul-19,0.045814
7/17/2019,133,134.58,134.6,132.89,11288279,133,134.58,134.6,132.89,11288279,2.18,1.6465,17-Jul-19,0.063033
7/18/2019,133.83,136.48,136.63,133.61,18466488,133.83,136.48,136.63,133.61,18466488,1.9,1.4118,18-Jul-19,0.078041
7/19/2019,135.45,134.47,136.03,133.97,18079195,135.45,134.47,136.03,133.97,18079195,-2.01,-1.4727,19-Jul-19,0.062164
7/22/2019,134.56,134.45,134.82,134.32,7570898,134.56,134.45,134.82,134.32,7570898,-0.02,-0.0149,22-Jul-19,0.062006
7/23/2019,134.43,133.69,134.95,133.56,9981379,134.43,133.69,134.95,133.56,9981379,-0.76,-0.5653,23-Jul-19,0.056003
7/24/2019,134.59,134.37,134.84,133.98,6715167,134.59,134.37,134.84,133.98,6715167,0.68,0.5086,24-Jul-19,0.061374
7/25/2019,134.24,133.42,134.28,133.09,11708240,134.24,133.42,134.28,133.09,11708240,-0.95,-0.707,25-Jul-19,0.05387
7/26/2019,134.24,133.64,134.29,133.59,6249928,134.24,133.64,134.29,133.59,6249928,0.22,0.1649,26-Jul-19,0.055608
7/29/2019,134.06,134.53,134.73,133.44,9162417,134.06,134.53,134.73,133.44,9162417,0.89,0.666,29-Jul-19,0.062638
7/30/2019,134.76,134.98,135.18,134.41,9458733,134.76,134.98,135.18,134.41,9458733,0.45,0.3345,30-Jul-19,0.066193
7/31/2019,135.03,133.21,135.42,133.02,18797199,135.03,133.21,135.42,133.02,18797199,-1.77,-1.3113,31-Jul-19,0.052212
8/1/2019,132.42,136.41,136.43,132.31,27719822,132.42,136.41,136.43,132.31,27719822,3.2,2.4022,1-Aug-19,0.077488
8/2/2019,135.39,135.89,136.6,135.37,13753222,135.39,135.89,136.6,135.37,13753222,-0.52,-0.3812,2-Aug-19,0.073381
8/5/2019,137.93,137.79,138.64,137.05,17519817,137.93,137.79,138.64,137.05,17519817,1.9,1.3982,5-Aug-19,0.088389
8/6/2019,138.33,138.91,139.03,138,9471209,138.33,138.91,139.03,138.01,9471209,1.12,0.8128,6-Aug-19,0.097235
8/7/2019,141.28,141.02,142.47,140.88,26671092,141.28,141.02,142.47,140.88,26671092,2.11,1.519,7-Aug-19,0.113902
8/8/2019,140.9,141.73,142.37,140.71,13108554,140.9,141.73,142.37,140.71,13108554,0.71,0.5035,8-Aug-19,0.11951
8/9/2019,141.28,141.26,142.03,140.96,9485912,141.28,141.26,142.03,140.96,9485912,-0.47,-0.3316,9-Aug-19,0.115798
8/12/2019,141.67,142.63,143.38,141.64,14863804,141.67,142.63,143.38,141.64,14863804,1.37,0.9698,12-Aug-19,0.126619
8/13/2019,143.17,141.78,143.28,139.35,29930394,143.17,141.78,143.29,139.35,29930394,-0.85,-0.5959,13-Aug-19,0.119905
8/14/2019,142.9,142.75,143.75,142.05,20672858,142.9,142.75,143.75,142.05,20672858,0.97,0.6842,14-Aug-19,0.127567
8/15/2019,142.96,143.7,144.02,142.61,13501099,142.96,143.7,144.02,142.61,13501099,0.95,0.6655,15-Aug-19,0.135071
8/16/2019,142.75,142.78,143.13,141.8,12184492,142.75,142.78,143.13,141.8,12184492,-0.92,-0.6402,16-Aug-19,0.127804
8/19/2019,141.33,141.11,141.79,140.85,10558366,141.33,141.11,141.79,140.85,10558366,-1.67,-1.1696,19-Aug-19,0.114613
8/20/2019,141.77,142.21,142.25,141.6,7479375,141.77,142.21,142.26,141.6,7479375,1.1,0.7795,20-Aug-19,0.123302
8/21/2019,141.62,141.76,142.17,141.46,8118733,141.62,141.76,142.17,141.46,8118733,-0.45,-0.3164,21-Aug-19,0.119747
8/22/2019,141.39,141.4,141.9,141.17,6847647,141.39,141.4,141.9,141.17,6847647,-0.36,-0.254,22-Aug-19,0.116904
8/23/2019,141.84,144.17,144.33,141.64,20290539,141.84,144.17,144.33,141.64,20290539,2.77,1.959,23-Aug-19,0.138784
8/26/2019,144.35,144.19,144.97,143.91,12200810,144.35,144.19,144.97,143.91,12200810,0.02,0.0139,26-Aug-19,0.138942
8/27/2019,144.3,145.57,145.68,144.27,12857588,144.3,145.57,145.68,144.27,12857588,1.38,0.9571,27-Aug-19,0.149842
8/28/2019,145.39,145.16,145.68,144.64,11454605,145.39,145.16,145.68,144.64,11454605,-0.41,-0.2817,28-Aug-19,0.146603
8/29/2019,145.4,144.12,145.49,143.28,14764572,145.4,144.12,145.49,143.28,14764572,-1.04,-0.7165,29-Aug-19,0.138389
8/30/2019,143.84,143.75,144.88,143.02,9642584,143.84,143.75,144.88,143.02,9642584,-0.37,-0.2567,30-Aug-19,0.135466
9/3/2019,144.96,145.75,146.13,144.74,15621873,144.96,145.75,146.13,144.74,15621873,2,1.3913,3-Sep-19,0.151264
9/4/2019,145.54,146.66,146.82,145.5,11292000,145.54,146.66,146.82,145.5,11292000,0.91,0.6244,4-Sep-19,0.158452
9/5/2019,144.98,143.14,145.01,142,20297877,144.98,143.14,145.02,142,20297877,-3.52,-2.4001,5-Sep-19,0.130648
9/6/2019,143.64,141.92,144.06,141.86,14175216,143.64,141.92,144.06,141.86,14175216,-1.22,-0.8523,6-Sep-19,0.121011
9/9/2019,142.37,141.39,142.46,141.18,11323819,142.37,141.39,142.46,141.18,11323819,-0.53,-0.3734,9-Sep-19,0.116825
9/10/2019,141.23,140.18,141.53,140.16,12629208,141.23,140.18,141.53,140.16,12629208,-1.21,-0.8558,10-Sep-19,0.107267
9/11/2019,140.34,141.03,141.26,140.28,7453049,140.34,141.03,141.26,140.28,7453049,0.85,0.6064,11-Sep-19,0.113981
9/12/2019,142.68,141.32,143.1,141.11,12673707,142.68,141.32,143.1,141.11,12673707,0.29,0.2056,12-Sep-19,0.116272
9/13/2019,141.73,140.15,141.99,140.06,13451701,141.73,140.15,141.99,140.06,13451701,-1.17,-0.8279,13-Sep-19,0.10703
9/16/2019,141.6,141.32,142.05,141.02,8094567,141.6,141.32,142.05,141.02,8094567,1.17,0.8348,16-Sep-19,0.116272
9/17/2019,141.82,141.6,142.11,141.22,7046430,141.82,141.6,142.11,141.22,7046430,0.28,0.1981,17-Sep-19,0.118483
9/18/2019,141.93,140.71,142.53,139.81,15071647,141.93,140.71,142.53,139.81,15071647,-0.89,-0.6285,18-Sep-19,0.111453
9/19/2019,141.57,141.28,141.74,141.09,8062589,141.57,141.28,141.74,141.09,8062589,0.57,0.4051,19-Sep-19,0.115956
9/20/2019,141.61,142.95,143.03,141.46,12276521,141.61,142.95,143.03,141.46,12276521,1.67,1.182,20-Sep-19,0.129147
9/23/2019,143.22,143.75,143.94,143.07,9036267,143.22,143.75,143.94,143.07,9036267,0.8,0.5596,23-Sep-19,0.135466
9/24/2019,143.21,144.51,144.77,142.88,10620690,143.21,144.51,144.77,142.88,10620690,0.76,0.5287,24-Sep-19,0.141469
9/25/2019,144.08,141.83,144.29,141.44,11997855,144.08,141.83,144.29,141.44,11997855,-2.68,-1.8545,25-Sep-19,0.1203
9/26/2019,142.19,141.79,142.57,141.56,8803139,142.19,141.79,142.57,141.56,8803139,-0.04,-0.0282,26-Sep-19,0.119984
9/27/2019,140.35,141.06,141.68,140.16,9665953,140.35,141.06,141.68,140.16,9665953,-0.73,-0.5148,27-Sep-19,0.114218
9/30/2019,139.77,138.87,140.21,138.03,15530068,139.77,138.87,140.21,138.03,15530068,-2.19,-1.5525,30-Sep-19,0.096919
10/1/2019,138.07,139.63,140.19,137.8,12502406,138.07,139.63,140.19,137.8,12502406,0.76,0.5473,1-Oct-19,0.102923
10/2/2019,140.79,141.26,141.88,140.46,11944623,140.79,141.26,141.88,140.46,11944623,1.63,1.1674,2-Oct-19,0.115798
10/3/2019,141.36,141.9,143.25,141.29,12407863,141.36,141.9,143.25,141.29,12407863,0.64,0.4531,3-Oct-19,0.120853
10/4/2019,141.48,141.9,142.31,141.14,9689966,141.48,141.9,142.31,141.14,9689966,0,0,4-Oct-19,0.120853
10/7/2019,141.16,140.69,141.77,140.24,6162696,141.16,140.69,141.77,140.24,6162696,-1.21,-0.8527,7-Oct-19,0.111295
10/8/2019,142.03,141.92,142.29,141.17,10485490,142.03,141.92,142.29,141.17,10485490,1.23,0.8743,8-Oct-19,0.121011
10/9/2019,142.16,142.05,142.58,141.62,7052811,142.16,142.05,142.58,141.62,7052811,0.13,0.0916,9-Oct-19,0.122038
10/10/2019,141.59,140.81,141.66,140.58,9331584,141.59,140.81,141.66,140.58,9331584,-1.24,-0.8729,10-Oct-19,0.112243
10/11/2019,139.97,140.03,140.19,138.91,11425535,139.97,140.03,140.19,138.91,11425535,-0.78,-0.5539,11-Oct-19,0.106082
10/14/2019,140.45,140.59,140.82,140.34,4009169,140.45,140.59,140.82,140.34,4009169,0.56,0.3999,14-Oct-19,0.110506
10/15/2019,140.27,139.61,140.3,139.21,9131732,140.27,139.61,140.3,139.21,9131732,-0.98,-0.6971,15-Oct-19,0.102765
10/16/2019,140.14,140.41,140.53,139.7,10363893,140.14,140.41,140.53,139.7,10363893,0.8,0.573,16-Oct-19,0.109084
10/17/2019,140.5,140.61,141.12,140.42,6224288,140.5,140.61,141.12,140.42,6224288,0.2,0.1424,17-Oct-19,0.110664
10/18/2019,140.5,140.46,140.71,140.32,6416213,140.5,140.46,140.71,140.32,6416213,-0.15,-0.1067,18-Oct-19,0.109479
10/21/2019,140.72,139.79,140.76,139.6,8314307,140.72,139.79,140.76,139.6,8314307,-0.67,-0.477,21-Oct-19,0.104186
10/22/2019,140.13,140.2,140.3,139.72,3885045,140.13,140.2,140.3,139.72,3885045,0.41,0.2933,22-Oct-19,0.107425
10/23/2019,140.59,140.53,141,140.5,4160001,140.59,140.53,141,140.5,4160001,0.33,0.2354,23-Oct-19,0.110032
10/24/2019,141.02,141.53,141.74,140.93,6275566,141.02,141.53,141.74,140.93,6275566,1,0.7116,24-Oct-19,0.11793
10/25/2019,142.79,141.86,142.83,141.4,6011459,142.79,141.86,142.83,141.4,6011459,0.33,0.2332,25-Oct-19,0.120537
10/28/2019,141.25,140.64,141.25,140.4,5442028,141.25,140.64,141.25,140.4,5442028,-1.22,-0.86,28-Oct-19,0.1109
10/29/2019,140,140.25,140.63,139.78,3835427,140,140.25,140.63,139.78,3835427,-0.39,-0.2773,29-Oct-19,0.10782
10/30/2019,140.54,141.02,141.04,139.55,6992869,140.54,141.02,141.04,139.55,6992869,0.77,0.549,30-Oct-19,0.113902
10/31/2019,141.98,142.43,142.69,141.89,7050926,141.98,142.43,142.69,141.89,7050926,1.41,0.9999,31-Oct-19,0.125039
11/1/2019,142.21,142.56,142.9,142.01,8089975,142.21,142.56,142.9,142.01,8089975,0.13,0.0913,1-Nov-19,0.126066
11/4/2019,142.26,142.15,142.45,141.74,4740282,142.26,142.15,142.45,141.74,4740282,-0.41,-0.2876,4-Nov-19,0.122828
11/5/2019,140.65,139.85,140.89,139.38,11782250,140.65,139.85,140.89,139.38,11782250,-2.3,-1.618,5-Nov-19,0.10466
11/6/2019,140.12,140.45,140.79,140,6416469,140.12,140.45,140.79,140,6416469,0.6,0.429,6-Nov-19,0.1094
11/7/2019,140.11,138.27,140.2,137.6,15214223,140.11,138.27,140.2,137.6,15214223,-2.18,-1.5522,7-Nov-19,0.09218
11/8/2019,137.73,137.39,138.33,137.39,10378201,137.73,137.39,138.33,137.39,10378201,-0.88,-0.6364,8-Nov-19,0.085229
11/11/2019,137.61,137.06,137.79,136.44,7038053,137.61,137.06,137.79,136.44,7038053,-0.33,-0.2402,11-Nov-19,0.082622
11/12/2019,137.03,137.43,137.59,136.19,6451809,137.03,137.43,137.59,136.19,6451809,0.37,0.27,12-Nov-19,0.085545
11/13/2019,137.8,137.98,138.22,137.64,8809752,137.8,137.98,138.22,137.64,8809752,0.55,0.4002,13-Nov-19,0.089889
11/14/2019,138.39,138.56,138.94,137.87,5220927,138.39,138.56,138.94,137.87,5220927,0.58,0.4204,14-Nov-19,0.094471
11/15/2019,138.03,138.21,138.42,137.97,10106940,138.03,138.21,138.42,137.97,10106940,-0.35,-0.2526,15-Nov-19,0.091706
11/18/2019,138.44,138.62,138.85,138.3,5722188,138.44,138.62,138.85,138.3,5722188,0.41,0.2967,18-Nov-19,0.094945
11/19/2019,138.13,138.69,138.97,138.13,4825641,138.13,138.69,138.97,138.13,4825641,0.07,0.0505,19-Nov-19,0.095498
11/20/2019,138.53,138.76,139,138.1,6894534,138.53,138.76,139,138.1,6894534,0.07,0.0505,20-Nov-19,0.096051
11/21/2019,138.39,138,138.56,137.77,4197208,138.39,138,138.56,137.77,4197208,-0.76,-0.5477,21-Nov-19,0.090047
11/22/2019,138.37,137.74,138.46,137.66,3620534,138.37,137.74,138.46,137.66,3620534,-0.26,-0.1884,22-Nov-19,0.087994
11/25/2019,137.32,137.08,137.62,136.99,6418042,137.32,137.08,137.62,136.99,6418042,-0.66,-0.4792,25-Nov-19,0.08278
11/26/2019,136.98,137.74,137.8,136.58,4725594,136.98,137.74,137.8,136.58,4725594,0.66,0.4815,26-Nov-19,0.087994
11/27/2019,137.03,137.01,137.21,136.83,4113152,137.03,137.01,137.21,136.83,4113152,-0.73,-0.53,27-Nov-19,0.082227
11/29/2019,137.1,137.86,138.13,137.08,4516421,137.1,137.86,138.13,137.08,4516421,0.85,0.6204,29-Nov-19,0.088942
12/2/2019,137.32,137.79,138.09,137.3,8278535,137.32,137.79,138.09,137.3,8278535,-0.07,-0.0508,2-Dec-19,0.088389
12/3/2019,139.04,139.11,139.57,138.97,8502989,139.04,139.11,139.57,138.97,8502989,1.32,0.958,3-Dec-19,0.098815
12/4/2019,139.16,138.92,139.16,138.59,6326512,139.16,138.92,139.17,138.59,6326512,-0.19,-0.1366,4-Dec-19,0.097314
12/5/2019,138.8,139,139.45,138.79,5674471,138.8,139,139.45,138.79,5674471,0.08,0.0576,5-Dec-19,0.097946
12/6/2019,137.76,137.62,137.83,137.4,8748968,137.76,137.62,137.83,137.4,8748968,-1.38,-0.9928,6-Dec-19,0.087046
12/9/2019,137.8,137.58,137.81,137.45,2814342,137.8,137.58,137.81,137.45,2814342,-0.04,-0.0291,9-Dec-19,0.08673
12/10/2019,138.25,137.97,138.33,137.74,3241771,138.25,137.97,138.33,137.74,3241771,0.39,0.2835,10-Dec-19,0.08981
12/11/2019,138.2,138.92,139.3,138.12,6117701,138.2,138.92,139.3,138.12,6117701,0.95,0.6886,11-Dec-19,0.097314
12/12/2019,139.78,138.43,139.85,137.88,8816618,139.78,138.43,139.85,137.88,8816618,-0.49,-0.3527,12-Dec-19,0.093444
12/13/2019,138.52,139.05,139.21,137.98,6979801,138.52,139.05,139.21,137.98,6979801,0.62,0.4479,13-Dec-19,0.098341
12/16/2019,139.2,139.04,139.39,138.8,4647211,139.2,139.04,139.39,138.8,4647211,-0.01,-0.0072,16-Dec-19,0.098262
12/17/2019,139.02,139.01,139.3,138.85,4288118,139.02,139.01,139.3,138.85,4288118,-0.03,-0.0216,17-Dec-19,0.098025
12/18/2019,138.86,139.02,139.25,138.81,3608069,138.86,139.02,139.25,138.81,3608069,0.01,0.0072,18-Dec-19,0.098104
12/19/2019,139.04,139.38,139.55,138.87,4975164,139.04,139.38,139.55,138.87,4975164,0.36,0.259,19-Dec-19,0.100948
12/20/2019,139.37,139.52,139.52,138.98,4481503,139.37,139.52,139.52,138.98,4481503,0.14,0.1004,20-Dec-19,0.102054
12/23/2019,139.53,139.95,139.96,139.53,5182388,139.53,139.95,139.96,139.53,5182388,0.43,0.3082,23-Dec-19,0.10545
12/24/2019,140.44,141.27,141.33,140.43,5303698,140.44,141.27,141.33,140.43,5303698,1.32,0.9432,24-Dec-19,0.115877
12/26/2019,142.06,142.38,142.47,141.91,8343019,142.06,142.38,142.47,141.91,8343019,1.11,0.7857,26-Dec-19,0.124645
12/27/2019,142.26,142.33,142.73,142.17,5120441,142.26,142.33,142.73,142.17,5120441,-0.05,-0.0351,27-Dec-19,0.12425
12/30/2019,142.56,142.63,142.8,142.46,4812117,142.56,142.63,142.8,142.46,4812117,0.3,0.2108,30-Dec-19,0.126619
12/31/2019,143.31,142.9,143.6,142.8,5314467,143.31,142.9,143.61,142.8,5314467,0.27,0.1893,31-Dec-19,0.128752
1/2/2020,143.86,143.95,144.21,143.4,7736828,143.86,143.95,144.21,143.4,7736828,1.05,0.7348,2-Jan-20,0.137046
1/3/2020,145.75,145.86,146.32,145.4,12285501,145.75,145.86,146.32,145.4,12285501,1.91,1.3268,3-Jan-20,0.152133
1/6/2020,148.44,147.39,148.48,146.95,14409912,148.44,147.39,148.48,146.95,14409912,1.53,1.049,6-Jan-20,0.164218
1/7/2020,147.57,147.97,148.14,147.43,8401088,147.57,147.97,148.14,147.43,8401088,0.58,0.3935,7-Jan-20,0.168799
1/8/2020,148.49,146.86,148.61,146.14,22276323,148.49,146.86,148.61,146.14,22276323,-1.11,-0.7502,8-Jan-20,0.160032
1/9/2020,146.07,146.03,146.41,145.44,10304334,146.07,146.03,146.41,145.44,10304334,-0.83,-0.5652,9-Jan-20,0.153476
1/10/2020,146.22,146.91,146.99,146.17,6183992,146.22,146.91,146.99,146.17,6183992,0.88,0.6026,10-Jan-20,0.160427
1/13/2020,146.35,145.82,146.38,145.78,7603649,146.35,145.82,146.38,145.78,7603649,-1.09,-0.742,13-Jan-20,0.151817
1/14/2020,145.42,145.69,145.81,145.08,6607124,145.42,145.69,145.81,145.08,6607124,-0.13,-0.0892,14-Jan-20,0.15079
1/15/2020,146.21,146.54,146.73,145.82,6510029,146.21,146.54,146.73,145.82,6510029,0.85,0.5834,15-Jan-20,0.157504
1/16/2020,146.27,146.31,146.47,145.75,6069101,146.27,146.31,146.47,145.76,6069101,-0.23,-0.157,16-Jan-20,0.155687
1/17/2020,146.51,146.58,146.99,146.31,11121140,146.51,146.58,146.99,146.31,11121140,0.27,0.1845,17-Jan-20,0.15782
1/21/2020,145.77,146.74,146.86,145.55,6086149,145.77,146.74,146.86,145.55,6086149,0.16,0.1092,21-Jan-20,0.159084
1/22/2020,146.68,146.79,146.81,146.38,4778186,146.68,146.79,146.81,146.38,4778186,0.05,0.0341,22-Jan-20,0.159479
1/23/2020,147,147.12,147.62,146.62,8419778,147,147.12,147.62,146.62,8419778,0.33,0.2248,23-Jan-20,0.162085
1/24/2020,146.9,147.98,148.38,146.89,9919871,146.9,147.98,148.38,146.89,9919871,0.86,0.5846,24-Jan-20,0.168878
1/27/2020,149.24,148.99,149.32,148.46,9988069,149.24,148.99,149.32,148.46,9988069,1.01,0.6825,27-Jan-20,0.176856
1/28/2020,148.36,147.66,148.56,147.53,7543088,148.36,147.66,148.56,147.53,7543088,-1.33,-0.8927,28-Jan-20,0.166351
1/29/2020,147.7,148.46,148.56,147.61,5023827,147.7,148.46,148.56,147.61,5023827,0.8,0.5418,29-Jan-20,0.17267
1/30/2020,148.69,148.47,149.31,148.01,9119545,148.69,148.47,149.31,148.01,9119545,0.01,0.0067,30-Jan-20,0.172749
1/31/2020,148.88,149.33,149.68,148.81,14788263,148.88,149.33,149.68,148.81,14788263,0.86,0.5792,31-Jan-20,0.179542
2/3/2020,148.66,148.36,148.78,147.68,9115075,148.66,148.36,148.78,147.68,9115075,-0.97,-0.6496,3-Feb-20,0.17188
2/4/2020,146.97,146.43,147.03,145.8,10525585,146.97,146.43,147.03,145.8,10525585,-1.93,-1.3009,4-Feb-20,0.156635
2/5/2020,146.38,146.61,146.81,146.16,6160661,146.38,146.61,146.81,146.16,6160661,0.18,0.1229,5-Feb-20,0.158057
2/6/2020,147.28,147.4,147.63,147,4819778,147.28,147.4,147.63,147,4819778,0.79,0.5388,6-Feb-20,0.164297
2/7/2020,147.83,147.79,148.18,147.34,6379311,147.83,147.79,148.18,147.34,6379311,0.39,0.2646,7-Feb-20,0.167378
2/10/2020,148.21,148.17,148.45,147.91,5793599,148.21,148.17,148.45,147.91,5793599,0.38,0.2571,10-Feb-20,0.170379
2/11/2020,148.03,147.66,148.16,147.01,5179392,148.03,147.66,148.16,147.01,5179392,-0.51,-0.3442,11-Feb-20,0.166351
2/12/2020,147.42,147.54,147.81,147.16,5040584,147.42,147.54,147.81,147.16,5040584,-0.12,-0.0813,12-Feb-20,0.165403
2/13/2020,148.24,148.38,148.58,147.95,7082098,148.24,148.38,148.58,147.95,7082098,0.84,0.5693,13-Feb-20,0.172038
2/14/2020,148.74,149,149.13,148.63,5345393,148.74,149,149.13,148.63,5345393,0.62,0.4178,14-Feb-20,0.176935
2/18/2020,149.88,150.91,151.09,149.47,11527580,149.88,150.91,151.09,149.47,11527580,1.91,1.2819,18-Feb-20,0.192022
2/19/2020,151,151.79,151.82,150.81,9269784,151,151.79,151.82,150.82,9269784,0.88,0.5831,19-Feb-20,0.198973
2/20/2020,152,152.41,152.83,151.95,8457348,152,152.41,152.83,151.95,8457348,0.62,0.4085,20-Feb-20,0.20387
2/21/2020,154.43,154.7,155.22,154.18,16353292,154.43,154.7,155.22,154.18,16353292,2.29,1.5025,21-Feb-20,0.221959
2/24/2020,158.5,156.09,158.53,155.36,27170954,158.5,156.09,158.53,155.36,27170954,1.39,0.8985,24-Feb-20,0.232938
2/25/2020,155.12,153.3,156.08,152.91,28091497,155.12,153.3,156.08,152.91,28091497,-2.79,-1.7874,25-Feb-20,0.2109
2/26/2020,153.82,153.97,155.28,152.9,17983155,153.82,153.97,155.28,152.9,17983155,0.67,0.4371,26-Feb-20,0.216193
2/27/2020,155.58,154,156.27,153.9,27878524,155.58,154,156.27,153.9,27878524,0.03,0.0195,27-Feb-20,0.21643
2/28/2020,152.71,148.38,152.77,147.05,42707124,152.71,148.38,152.77,147.05,42707124,-5.62,-3.6494,28-Feb-20,0.172038
3/2/2020,150,149.2,150.73,149.04,16295360,150,149.2,150.73,149.04,16295360,0.82,0.5526,2-Mar-20,0.178515
3/3/2020,150.84,153.89,155.24,150.74,28687689,150.84,153.89,155.24,150.74,28687689,4.69,3.1434,3-Mar-20,0.215561
3/4/2020,154.4,154.16,154.96,153.7,12315472,154.4,154.16,154.96,153.7,12315472,0.27,0.1754,4-Mar-20,0.217694
3/5/2020,156.06,157.49,157.62,155.72,17973475,156.06,157.49,157.62,155.72,17973475,3.33,2.1601,5-Mar-20,0.243997
3/6/2020,158.33,157.55,159.25,154.54,26973448,158.33,157.55,159.25,154.54,26973448,0.06,0.0381,6-Mar-20,0.244471
3/9/2020,158.6,157.81,159.37,156.33,24868674,158.6,157.81,159.37,156.33,24868674,0.26,0.165,9-Mar-20,0.246524
3/10/2020,156.18,154.48,156.41,154.39,18811547,156.18,154.48,156.41,154.39,18811547,-3.33,-2.1101,10-Mar-20,0.220221
3/11/2020,156.25,153.93,156.5,153.61,18353302,156.25,153.93,156.5,153.61,18353302,-0.55,-0.356,11-Mar-20,0.215877
3/12/2020,151.53,147.79,151.55,146.85,32893430,151.53,147.79,151.55,146.85,32893430,-6.14,-3.9888,12-Mar-20,0.167378
3/13/2020,149.42,143.28,149.6,141.58,35177244,149.42,143.28,149.6,141.58,35177244,-4.51,-3.0516,13-Mar-20,0.131754
3/16/2020,137.56,141.64,142.96,136.12,24495962,137.56,141.64,142.96,136.12,24495962,-1.64,-1.1446,16-Mar-20,0.118799
3/17/2020,140.18,143.56,146.2,139.93,24490276,140.18,143.56,146.2,139.93,24490276,1.92,1.3555,17-Mar-20,0.133965
3/18/2020,141.75,140.7,142.88,138.5,21953448,141.75,140.7,142.88,138.5,21953448,-2.86,-1.9922,18-Mar-20,0.111374
3/19/2020,139.08,138.04,140.5,137.85,20828884,139.08,138.04,140.5,137.85,20828884,-2.66,-1.8905,19-Mar-20,0.090363
3/20/2020,140.71,140.11,141.17,139.14,20056048,140.71,140.11,141.17,139.14,20056048,2.07,1.4996,20-Mar-20,0.106714
3/23/2020,142.68,146.3,146.93,142.28,28275212,142.68,146.3,146.93,142.28,28275212,6.19,4.418,23-Mar-20,0.155608
3/24/2020,153.5,153.4,155.66,152.05,20743472,153.5,153.4,155.66,152.05,20743472,7.1,4.853,24-Mar-20,0.21169
3/25/2020,152.58,151.3,152.88,151.01,16457183,152.58,151.3,152.88,151.01,16457183,-2.1,-1.369,25-Mar-20,0.195103
3/26/2020,153.31,153.24,154.81,152.08,12778236,153.31,153.24,154.81,152.08,12778236,1.94,1.2822,26-Mar-20,0.210427
3/27/2020,153,152.25,153.55,152,9824572,153,152.25,153.55,152,9824572,-0.99,-0.646,27-Mar-20,0.202607
3/30/2020,152.41,152.92,153.08,151.57,12080881,152.41,152.92,153.08,151.57,12080881,0.67,0.4401,30-Mar-20,0.207899
3/31/2020,151.36,148.05,151.8,147.97,13319495,151.36,148.05,151.8,147.97,13319495,-4.87,-3.1847,31-Mar-20,0.169431
4/1/2020,148.2,149.45,150.08,147.85,11827400,148.2,149.45,150.08,147.85,11827400,1.4,0.9456,1-Apr-20,0.18049
4/2/2020,151.2,151.9,152.5,150.7,9188303,151.2,151.9,152.5,150.7,9188303,2.45,1.6393,2-Apr-20,0.199842
4/3/2020,152.23,152.65,153.09,151.66,8469099,152.23,152.65,153.09,151.66,8469099,0.75,0.4937,3-Apr-20,0.205766
4/6/2020,154.16,156.88,157.22,153.96,14739272,154.16,156.88,157.22,153.96,14739272,4.23,2.771,6-Apr-20,0.239179
4/7/2020,155.33,156.04,156.14,154.38,9195370,155.33,156.04,156.14,154.38,9195370,-0.84,-0.5354,7-Apr-20,0.232543
4/8/2020,155.91,154.65,155.94,154.59,7600804,155.91,154.65,155.94,154.59,7600804,-1.39,-0.8908,8-Apr-20,0.221564
4/9/2020,158.08,158.69,159.08,157.21,18123039,158.08,158.69,159.08,157.21,18123039,4.04,2.6124,9-Apr-20,0.253476
4/13/2020,159.17,161.41,162.38,158.62,20549213,159.17,161.41,162.38,158.63,20549213,2.72,1.714,13-Apr-20,0.274961
4/14/2020,162.73,162.68,164.42,161.78,17095086,162.73,162.68,164.42,161.78,17095086,1.27,0.7868,14-Apr-20,0.284992
4/15/2020,161.8,161.85,162.54,160.81,12141890,161.8,161.85,162.54,160.81,12141890,-0.83,-0.5102,15-Apr-20,0.278436
4/16/2020,161.88,161.71,163.15,160.65,9233164,161.88,161.71,163.15,160.65,9233164,-0.14,-0.0865,16-Apr-20,0.27733
4/17/2020,159.72,158.57,160.07,158.12,14652737,159.72,158.57,160.07,158.12,14652737,-3.14,-1.9417,17-Apr-20,0.252528
4/20/2020,158.62,159.7,160.22,158.46,10688689,158.62,159.7,160.22,158.46,10688689,1.13,0.7126,20-Apr-20,0.261453
4/21/2020,157.6,158.61,159.21,157.04,12478080,157.6,158.61,159.21,157.04,12478080,-1.09,-0.6825,21-Apr-20,0.252844
4/22/2020,160.5,161.73,161.74,160.42,12937093,160.5,161.73,161.74,160.42,12937093,3.12,1.9671,22-Apr-20,0.277488
4/23/2020,162.39,163.34,163.6,161.84,14928503,162.39,163.34,163.6,161.84,14928503,1.61,0.9955,23-Apr-20,0.290205
4/24/2020,163.13,162.64,163.31,160.89,11203587,163.13,162.64,163.31,160.89,11203587,-0.7,-0.4286,24-Apr-20,0.284676
4/27/2020,161.88,161.56,162,160.41,9033533,161.88,161.56,162,160.41,9033533,-1.08,-0.664,27-Apr-20,0.276145
4/28/2020,160.89,160.84,160.98,159.16,10382975,160.89,160.84,160.98,159.16,10382975,-0.72,-0.4457,28-Apr-20,0.270458
4/29/2020,160.1,161.73,161.85,159.76,12232348,160.1,161.73,161.85,159.76,12232348,0.89,0.5533,29-Apr-20,0.277488
4/30/2020,160.22,158.8,160.82,158.13,13633483,160.22,158.8,160.82,158.13,13633483,-2.93,-1.8117,30-Apr-20,0.254344
5/1/2020,158,159.78,160.45,157.8,10914334,158,159.78,160.45,157.8,10914334,0.98,0.6171,1-May-20,0.262085
5/4/2020,160.33,160.34,160.95,159.91,7986191,160.33,160.34,160.95,159.91,7986191,0.56,0.3505,4-May-20,0.266509
5/5/2020,160.16,161.02,161.1,159.33,10563066,160.16,161.02,161.1,159.33,10563066,0.68,0.4241,5-May-20,0.27188
5/6/2020,158.99,158.95,159.81,158.1,13351959,158.99,158.95,159.81,158.1,13351959,-2.07,-1.2856,6-May-20,0.255529
5/7/2020,159.5,161.39,161.96,159.36,13696493,159.5,161.39,161.96,159.36,13696493,2.44,1.5351,7-May-20,0.274803
5/8/2020,161.08,160.42,162,160,12244561,161.08,160.42,162,160,12244561,-0.97,-0.601,8-May-20,0.267141
5/11/2020,160.34,159.42,160.71,158.89,11209822,160.34,159.42,160.71,158.89,11209822,-1,-0.6234,11-May-20,0.259242
5/12/2020,160.3,160.04,160.95,159.72,10405991,160.3,160.04,160.95,159.72,10405991,0.62,0.3889,12-May-20,0.264139
5/13/2020,160.94,161.58,161.62,160.54,10950397,160.94,161.58,161.62,160.54,10950397,1.54,0.9623,13-May-20,0.276303
5/14/2020,161.53,163.01,163.34,161.51,17084368,161.53,163.01,163.34,161.51,17084368,1.43,0.885,14-May-20,0.287599
5/15/2020,164.02,163.93,164.8,163.08,13918816,164.02,163.93,164.8,163.08,13918816,0.92,0.5644,15-May-20,0.294866
5/18/2020,164.33,162.69,164.5,162.41,14137907,164.33,162.69,164.5,162.41,14137907,-1.24,-0.7564,18-May-20,0.285071
5/19/2020,163.6,164.26,164.43,163.04,8531719,163.6,164.26,164.43,163.04,8531719,1.57,0.965,19-May-20,0.297472
5/20/2020,164.54,164.65,164.96,163.89,10666071,164.54,164.65,164.96,163.89,10666071,0.39,0.2374,20-May-20,0.300553
5/21/2020,163.46,162.25,163.58,161.37,11790992,163.46,162.25,163.58,161.37,11790992,-2.4,-1.4576,21-May-20,0.281596
5/22/2020,162.88,163.21,163.47,162.74,8540909,162.88,163.21,163.47,162.74,8540909,0.96,0.5917,22-May-20,0.289179
5/26/2020,162.58,160.89,162.58,160.69,13972012,162.58,160.89,162.58,160.69,13972012,-2.32,-1.4215,26-May-20,0.270853
5/27/2020,159.42,161.18,161.34,159.2,13063451,159.42,161.18,161.34,159.2,13063451,0.29,0.1802,27-May-20,0.273144
5/28/2020,162.12,161.72,162.46,160.9,9761610,162.12,161.72,162.46,160.9,9761610,0.54,0.335,28-May-20,0.277409
5/29/2020,162.58,162.91,163.4,162.32,12584009,162.58,162.91,163.4,162.32,12584009,1.19,0.7358,29-May-20,0.286809
6/1/2020,162.92,163.66,163.74,162.39,8155048,162.92,163.66,163.74,162.39,8155048,0.75,0.4604,1-Jun-20,0.292733
6/2/2020,163.89,162.6,164.08,161.86,10388908,163.89,162.6,164.08,161.86,10388908,-1.06,-0.6477,2-Jun-20,0.28436
6/3/2020,160.34,159.6,160.9,158.82,17000510,160.34,159.6,160.9,158.82,17000510,-3,-1.845,3-Jun-20,0.260664
6/4/2020,161.14,161.28,161.87,159.84,10094024,161.14,161.28,161.87,159.84,10094024,1.68,1.0526,4-Jun-20,0.273934
6/5/2020,158.72,158.01,158.72,157.03,16021182,158.72,158.01,158.72,157.04,16021182,-3.27,-2.0275,5-Jun-20,0.248104
6/8/2020,158.9,159.72,159.86,158.47,9244440,158.9,159.72,159.86,158.47,9244440,1.71,1.0822,8-Jun-20,0.261611
6/9/2020,161.1,161.26,161.78,160.87,9045618,161.1,161.26,161.78,160.87,9045618,1.54,0.9642,9-Jun-20,0.273776
6/10/2020,162.1,163.57,163.63,160.52,13009343,162.1,163.57,163.63,160.52,13009343,2.31,1.4325,10-Jun-20,0.292022
6/11/2020,163.35,162.39,164.06,161.97,11673902,163.35,162.39,164.06,161.97,11673902,-1.18,-0.7214,11-Jun-20,0.282701
6/12/2020,163.41,162.62,163.88,162.56,6895361,163.41,162.62,163.88,162.56,6895361,0.23,0.1416,12-Jun-20,0.284518
6/15/2020,160.52,162.33,162.56,160.16,8538826,160.52,162.33,162.56,160.16,8538826,-0.29,-0.18,15-Jun-20,0
